{"id_dic":{"1": "Afghanistan",
"2": "Albania",
"3": "Algeria",
"4": "Angola",
"5": "Argentina",
"6": "Armenia",
"7": "Australia",
"8": "Austria",
"9": "Azerbaijan",
"10": "Bahrain",
"11": "Bangladesh",
"12": "Belarus",
"13": "Belgium",
"14": "Bhutan",
"15": "Bolivia (Plurinational State of)",
"16": "Bosnia and Herzegovina",
"17": "Brazil",
"18": "Bulgaria",
"19": "Burkina Faso",
"20": "Cambodia",
"21": "Cameroon",
"22": "Canada",
"23": "Central African Republic",
"24": "Chile",
"25": "China",
"26": "Colombia",
"27": "Congo",
"28": "Costa Rica",
"29": "Croatia",
"30": "Cuba",
"31": "Czechia",
"32": "Democratic Republic of the Congo",
"33": "Denmark",
"34": "Dominican Republic",
"35": "Ecuador",
"36": "Egypt",
"37": "El Salvador",
"38": "Estonia",
"39": "Ethiopia",
"40": "Fiji",
"41": "Finland",
"42": "France",
"43": "French Guiana",
"44": "Georgia",
"45": "Germany",
"46": "Ghana",
"47": "Greece",
"48": "Guadeloupe",
"49": "Guatemala",
"50": "Honduras",
"51": "Hungary",
"52": "Iceland",
"53": "India",
"54": "Indonesia",
"55": "Iran (Islamic Republic of)",
"56": "Iraq",
"57": "Ireland",
"58": "Israel",
"59": "Italy",
"60": "Jamaica",
"61": "Japan",
"62": "Jordan",
"63": "Kazakhstan",
"64": "Kenya",
"65": "Kyrgyzstan",
"66": "Latvia",
"67": "Lithuania",
"68": "Luxembourg",
"69": "Madagascar",
"70": "Malaysia",
"71": "Mali",
"72": "Malta",
"73": "Martinique",
"74": "Mauritius",
"75": "Mexico",
"76": "Mongolia",
"77": "Montenegro",
"78": "Montserrat",
"79": "Morocco",
"80": "Nepal",
"81": "Netherlands",
"82": "New Caledonia",
"83": "New Zealand",
"84": "Nicaragua",
"85": "Niger",
"86": "Nigeria",
"87": "Norway",
"88": "Oman",
"89": "Pakistan",
"90": "Panama",
"91": "Papua New Guinea",
"92": "Paraguay",
"93": "Peru",
"94": "Philippines",
"95": "Poland",
"96": "Portugal",
"97": "Qatar",
"98": "Republic of Korea",
"99": "Republic of Moldova",
"100": "Romania",
"101": "Russian Federation",
"102": "Rwanda",
"103": "Saint Barthelemy",
"104": "Saint Lucia",
"105": "Saint Martin",
"106": "Senegal",
"107": "Serbia",
"108": "Sierra Leone",
"109": "Singapore",
"110": "Slovakia",
"111": "Slovenia",
"112": "South Africa",
"113": "Spain",
"114": "Sri Lanka",
"115": "Sudan",
"116": "Suriname",
"117": "Sweden",
"118": "Switzerland",
"119": "Syrian Arab Republic",
"120": "Thailand",
"121": "The former Yugoslav Republic of Macedonia",
"122": "Togo",
"123": "Tunisia",
"124": "Turkey",
"125": "Uganda",
"126": "Ukraine",
"127": "United Kingdom of Great Britain and Northern Ireland",
"128": "United Republic of Tanzania",
"129": "United States of America",
"130": "Uruguay",
"131": "Uzbekistan",
"132": "Venezuela (Bolivarian Republic of)",
"133": "Viet Nam",
"134": "Zambia"},
 "region_dic":{
"1": "4",
"2": "2",
"3": "3",
"4": "3",
"5": "1",
"6": "2",
"7": "5",
"8": "2",
"9": "2",
"10": "4",
"11": "6",
"12": "2",
"13": "2",
"14": "6",
"15": "1",
"16": "2",
"17": "1",
"18": "2",
"19": "3",
"20": "5",
"21": "3",
"22": "1",
"23": "3",
"24": "1",
"25": "5",
"26": "1",
"27": "3",
"28": "1",
"29": "2",
"30": "1",
"31": "2",
"32": "3",
"33": "2",
"34": "1",
"35": "1",
"36": "4",
"37": "1",
"38": "2",
"39": "3",
"40": "5",
"41": "2",
"42": "2",
"43": "1",
"44": "2",
"45": "2",
"46": "3",
"47": "2",
"48": "1",
"49": "1",
"50": "1",
"51": "2",
"52": "2",
"53": "6",
"54": "6",
"55": "4",
"56": "4",
"57": "2",
"58": "2",
"59": "2",
"60": "1",
"61": "5",
"62": "4",
"63": "2",
"64": "3",
"65": "2",
"66": "2",
"67": "2",
"68": "2",
"69": "3",
"70": "5",
"71": "3",
"72": "2",
"73": "1",
"74": "3",
"75": "1",
"76": "5",
"77": "2",
"78": "1",
"79": "4",
"80": "6",
"81": "2",
"82": "5",
"83": "5",
"84": "1",
"85": "3",
"86": "3",
"87": "2",
"88": "4",
"89": "4",
"90": "1",
"91": "5",
"92": "1",
"93": "1",
"94": "5",
"95": "2",
"96": "2",
"97": "4",
"98": "5",
"99": "2",
"100": "2",
"101": "2",
"102": "3",
"103": "1",
"104": "1",
"105": "1",
"106": "3",
"107": "2",
"108": "3",
"109": "5",
"110": "2",
"111": "2",
"112": "3",
"113": "2",
"114": "6",
"115": "4",
"116": "1",
"117": "2",
"118": "2",
"119": "4",
"120": "6",
"121": "2",
"122": "3",
"123": "4",
"124": "2",
"125": "3",
"126": "2",
"127": "2",
"128": "3",
"129": "1",
"130": "1",
"131": "2",
"132": "1",
"133": "5",
"134": "3"}}

